,No._x,Ticker,Company,Sector,Industry,Country,Market Cap,P/E,Price_x,Change_x,Volume_x,No._y,Perf Week,Perf Month,Perf Quart,Perf Half,Perf Year,Perf YTD,Volatility W,Volatility M,Recom,Avg Volume,Rel Volume,Price_y,Change_y,Volume_y
0,1,AVGO,Broadcom Inc.,Technology,Semiconductors,USA,198.61B,45.13,485.40,0.27%,1146230,1,0.47%,1.80%,6.40%,7.75%,55.53%,10.86%,1.60%,2.14%,2.00,1.69M,0.68,485.40,0.27%,1146230
1,2,MRK,"Merck & Co., Inc.",Healthcare,Drug Manufacturers - General,USA,194.79B,40.69,76.87,-0.08%,12908539,2,-0.86%,-1.16%,8.21%,4.60%,2.06%,-1.45%,1.39%,1.29%,2.10,11.75M,1.10,76.87,-0.08%,12908539
2,3,COST,Costco Wholesale Corporation,Consumer Defensive,Discount Stores,USA,188.00B,40.40,429.72,1.04%,2235264,3,1.49%,8.61%,15.49%,21.93%,35.76%,14.05%,1.07%,1.24%,2.10,1.91M,1.17,429.72,1.04%,2235264
3,4,BHP,BHP Group,Basic Materials,Other Industrial Metals & Mining,Australia,185.45B,28.59,78.56,-2.09%,1230062,4,2.79%,7.87%,7.97%,17.64%,47.81%,20.23%,1.79%,1.89%,1.00,1.69M,0.73,78.56,-2.09%,1230062
4,5,MCD,McDonald's Corporation,Consumer Cyclical,Restaurants,USA,182.08B,26.43,242.71,-0.54%,2241633,5,-0.10%,5.07%,2.81%,16.78%,24.21%,13.11%,1.31%,1.38%,2.00,2.48M,0.91,242.71,-0.54%,2241633
5,6,TMUS,"T-Mobile US, Inc.",Communication Services,Telecom Services,USA,180.33B,66.19,144.02,-0.42%,6328412,6,0.01%,-0.56%,9.00%,14.23%,36.54%,6.80%,1.68%,1.58%,1.90,4.19M,1.51,144.02,-0.42%,6328412
6,7,AZN,AstraZeneca PLC,Healthcare,Drug Manufacturers - General,United Kingdom,178.20B,39.94,57.24,-0.69%,7172400,7,-1.70%,-4.44%,7.86%,13.12%,-1.12%,14.50%,1.49%,1.44%,1.50,10.80M,0.66,57.24,-0.69%,7172400
7,8,MDT,Medtronic plc,Healthcare,Medical Devices,Ireland,175.62B,49.35,131.31,0.48%,2728516,8,2.15%,5.78%,0.30%,17.95%,36.11%,12.10%,1.47%,1.33%,1.90,4.29M,0.64,131.31,0.48%,2728516
8,9,NVO,Novo Nordisk A/S,Healthcare,Drug Manufacturers - General,Denmark,161.44B,31.46,92.60,1.35%,721493,9,2.04%,10.54%,25.22%,33.05%,37.86%,32.57%,1.08%,1.07%,3.00,925.44K,0.78,92.60,1.35%,721493
9,10,PM,Philip Morris International Inc.,Consumer Defensive,Tobacco,USA,156.31B,17.64,100.09,-0.20%,3438435,10,1.72%,0.99%,5.36%,25.66%,29.23%,20.90%,1.25%,1.40%,2.00,4.46M,0.77,100.09,-0.20%,3438435
10,11,LIN,Linde plc,Basic Materials,Specialty Chemicals,United Kingdom,155.82B,55.95,307.39,2.65%,2506362,11,2.87%,6.33%,7.54%,25.26%,27.01%,16.65%,1.37%,1.24%,2.00,2.02M,1.24,307.39,2.65%,2506362
11,12,NEE,"NextEra Energy, Inc.",Utilities,Utilities - Regulated Electric,USA,153.33B,47.50,77.90,-0.33%,5452392,12,0.91%,6.30%,0.50%,-3.67%,10.36%,0.97%,1.45%,1.65%,2.00,7.44M,0.73,77.90,-0.33%,5452392
12,13,UL,Unilever PLC,Consumer Defensive,Household & Personal Products,United Kingdom,148.55B,23.49,57.53,0.02%,1892895,13,0.93%,-1.66%,-2.03%,-1.39%,-6.36%,-4.69%,0.96%,0.93%,1.00,1.58M,1.20,57.53,0.02%,1892895
13,14,SBUX,Starbucks Corporation,Consumer Cyclical,Restaurants,USA,144.30B,50.85,121.43,-0.78%,5626099,14,-3.60%,8.60%,6.06%,25.43%,58.44%,13.51%,1.36%,1.63%,2.20,5.48M,1.03,121.43,-0.78%,5626099
14,15,AMGN,Amgen Inc.,Healthcare,Drug Manufacturers - General,USA,139.31B,20.00,241.54,-0.38%,2251361,15,-2.49%,-0.91%,0.79%,0.05%,-1.87%,5.05%,1.27%,1.57%,2.40,2.47M,0.91,241.54,-0.38%,2251361
15,16,SONY,Sony Group Corporation,Technology,Consumer Electronics,Japan,132.19B,12.18,104.30,-1.47%,623311,16,3.62%,7.28%,4.13%,8.98%,32.83%,3.17%,1.58%,1.42%,1.00,713.78K,0.87,104.30,-1.47%,623311
16,17,SNY,Sanofi,Healthcare,Drug Manufacturers - General,France,129.44B,18.72,51.56,0.06%,1775060,17,-0.58%,-2.09%,-1.55%,9.21%,-1.79%,6.11%,1.17%,0.95%,1.00,1.35M,1.31,51.56,0.06%,1775060
17,18,AMT,American Tower Corporation (REIT),Real Estate,REIT - Specialty,USA,128.43B,57.09,282.80,-0.07%,1681686,18,-0.86%,4.69%,11.00%,24.38%,7.74%,25.99%,1.46%,1.51%,1.90,1.71M,0.99,282.80,-0.07%,1681686
18,19,EL,The Estee Lauder Companies Inc.,Consumer Defensive,Household & Personal Products,USA,120.93B,89.00,333.83,0.07%,715550,19,0.08%,4.95%,6.38%,41.06%,72.94%,25.41%,1.12%,1.43%,2.00,1.19M,0.60,333.83,0.07%,715550
19,20,CAT,Caterpillar Inc.,Industrials,Farm & Heavy Construction Machinery,USA,116.44B,33.84,206.75,-2.73%,5816031,20,-1.33%,-5.00%,-9.36%,13.08%,51.21%,13.59%,2.08%,2.00%,2.60,3.64M,1.60,206.75,-2.73%,5816031
20,21,NOW,"ServiceNow, Inc.",Technology,Software - Application,USA,115.79B,697.38,587.89,0.25%,1537899,21,0.29%,6.98%,16.10%,8.24%,36.27%,6.81%,2.67%,2.13%,1.70,1.46M,1.06,587.89,0.25%,1537899
21,22,DEO,Diageo plc,Consumer Defensive,Beverages - Wineries & Distilleries,United Kingdom,114.94B,31.28,198.21,0.31%,337720,22,2.90%,3.40%,10.52%,23.67%,32.20%,24.81%,0.94%,0.86%,1.30,362.26K,0.93,198.21,0.31%,337720
22,23,MMM,3M Company,Industrials,Specialty Industrial Machinery,USA,114.67B,19.47,197.94,-0.12%,1895614,23,-1.27%,-0.35%,0.41%,12.68%,30.12%,13.24%,1.56%,1.50%,3.00,2.16M,0.88,197.94,-0.12%,1895614
23,24,JD,"JD.com, Inc.",Consumer Cyclical,Internet Retail,China,113.92B,14.02,70.88,-1.46%,9912728,24,-1.95%,-11.19%,-8.38%,-20.08%,13.79%,-19.36%,5.22%,3.34%,1.70,12.56M,0.79,70.88,-1.46%,9912728
24,25,CVS,CVS Health Corporation,Healthcare,Healthcare Plans,USA,109.35B,14.64,82.36,-0.84%,5942826,25,-1.09%,-1.29%,7.80%,14.95%,28.69%,20.59%,1.67%,1.65%,2.10,6.53M,0.91,82.36,-0.84%,5942826
25,26,LMT,Lockheed Martin Corporation,Industrials,Aerospace & Defense,USA,103.18B,14.46,371.67,-0.25%,764061,26,-2.39%,-1.77%,-2.34%,15.49%,-2.63%,4.70%,1.57%,1.38%,2.20,1.15M,0.66,371.67,-0.25%,764061
26,27,SPGI,S&P Global Inc.,Financial,Financial Data & Stock Exchanges,USA,102.04B,42.08,428.72,1.22%,1560367,27,2.44%,4.45%,9.82%,35.24%,21.67%,30.42%,2.15%,1.54%,1.70,1.33M,1.18,428.72,1.22%,1560367
27,28,SYK,Stryker Corporation,Healthcare,Medical Devices,USA,101.51B,49.60,270.94,0.65%,1043324,28,3.15%,4.32%,3.16%,22.59%,35.33%,10.57%,2.32%,1.69%,2.20,1.14M,0.92,270.94,0.65%,1043324
28,29,GSK,GlaxoSmithKline plc,Healthcare,Drug Manufacturers - General,United Kingdom,98.35B,16.53,40.14,0.10%,3624332,29,1.59%,0.80%,7.50%,7.76%,-0.27%,9.08%,1.16%,0.99%,2.00,4.31M,0.84,40.14,0.10%,3624332
29,30,ZTS,Zoetis Inc.,Healthcare,Drug Manufacturers - Specialty & Generic,USA,96.91B,54.65,202.70,-0.70%,2426764,30,-0.44%,8.77%,17.15%,31.41%,35.94%,22.48%,1.06%,1.44%,1.90,1.78M,1.37,202.70,-0.70%,2426764
30,31,FIS,"Fidelity National Information Services, Inc.",Technology,Information Technology Services,USA,92.79B,-,149.05,-0.39%,1586152,31,0.15%,5.21%,-2.52%,20.73%,2.65%,5.37%,1.74%,1.62%,1.90,2.47M,0.64,149.05,-0.39%,1586152
31,32,INFY,Infosys Limited,Technology,Information Technology Services,India,92.12B,34.35,22.12,0.91%,4378492,32,1.79%,4.39%,22.35%,31.04%,70.81%,30.50%,1.16%,1.32%,2.40,6.03M,0.73,22.12,0.91%,4378492
32,33,MO,"Altria Group, Inc.",Consumer Defensive,Tobacco,USA,89.94B,20.51,48.04,-1.15%,7046220,33,1.16%,0.76%,0.61%,16.94%,15.54%,17.17%,1.69%,1.56%,2.20,7.23M,0.97,48.04,-1.15%,7046220
33,34,ADP,"Automatic Data Processing, Inc.",Industrials,Staffing & Employment Services,USA,88.86B,34.54,209.63,0.38%,1438198,34,1.72%,5.54%,12.11%,26.96%,57.75%,18.97%,1.36%,1.32%,2.90,1.55M,0.93,209.63,0.38%,1438198
34,35,MDLZ,"Mondelez International, Inc.",Consumer Defensive,Confectioners,USA,88.52B,20.97,63.26,-0.11%,6335792,35,-2.51%,1.31%,4.03%,14.11%,13.43%,8.19%,1.27%,1.19%,1.80,6.41M,0.99,63.26,-0.11%,6335792
35,36,BTI,British American Tobacco p.l.c.,Consumer Defensive,Tobacco,United Kingdom,86.84B,9.82,37.45,-1.89%,2748008,36,-2.14%,-4.73%,-0.16%,2.46%,6.76%,-0.11%,1.05%,1.17%,1.00,2.68M,1.02,37.45,-1.89%,2748008
36,37,CCI,Crown Castle International Corp. (REIT),Real Estate,REIT - Specialty,USA,83.34B,74.29,193.09,0.14%,1753219,37,-0.19%,-1.03%,2.13%,21.24%,13.44%,21.30%,1.63%,1.52%,2.20,1.57M,1.12,193.09,0.14%,1753219
37,38,DUK,Duke Energy Corporation,Utilities,Utilities - Regulated Electric,USA,81.29B,60.55,105.11,-0.54%,2556118,38,0.61%,6.47%,4.39%,11.82%,24.29%,14.80%,1.59%,1.50%,2.50,3.11M,0.82,105.11,-0.54%,2556118
38,39,ENB,Enbridge Inc.,Energy,Oil & Gas Midstream,Canada,80.49B,15.68,39.35,-0.71%,5521204,39,1.39%,-1.72%,2.02%,17.11%,22.20%,23.01%,1.41%,1.32%,2.30,4.12M,1.34,39.35,-0.71%,5521204
39,40,CME,CME Group Inc.,Financial,Financial Data & Stock Exchanges,USA,77.10B,39.63,212.13,-1.20%,965368,40,0.11%,-0.26%,5.02%,16.72%,31.89%,16.52%,2.16%,1.71%,2.50,1.18M,0.82,212.13,-1.20%,965368
40,41,CNI,Canadian National Railway Company,Industrials,Railroads,Canada,76.08B,23.83,108.63,1.07%,1410748,41,2.59%,2.95%,0.91%,7.37%,11.40%,-1.11%,1.64%,1.74%,2.60,2.06M,0.69,108.63,1.07%,1410748
41,42,FISV,"Fiserv, Inc.",Technology,Information Technology Services,USA,75.80B,68.72,115.11,0.57%,3412864,42,2.97%,7.69%,-4.17%,12.09%,14.59%,1.10%,2.03%,1.64%,1.80,4.49M,0.76,115.11,0.57%,3412864
42,43,DELL,Dell Technologies Inc.,Technology,Computer Hardware,USA,74.53B,18.68,96.62,-0.18%,800309,43,0.07%,-3.06%,-1.74%,32.56%,63.32%,31.83%,1.17%,1.91%,2.20,2.08M,0.39,96.62,-0.18%,800309
43,44,MMC,"Marsh & McLennan Companies, Inc.",Financial,Insurance Brokers,USA,74.37B,30.33,147.22,0.29%,2145733,44,-0.13%,4.65%,8.49%,33.95%,26.14%,25.83%,1.48%,1.33%,2.80,1.98M,1.08,147.22,0.29%,2145733
44,45,BDX,"Becton, Dickinson and Company",Healthcare,Medical Instruments & Supplies,USA,74.25B,45.52,255.75,0.17%,990463,45,1.86%,5.16%,2.79%,-2.31%,-6.61%,2.21%,1.40%,1.37%,2.10,1.39M,0.71,255.75,0.17%,990463
45,46,ILMN,"Illumina, Inc.",Healthcare,Diagnostics & Research,USA,71.78B,116.26,495.75,0.84%,489899,46,0.05%,4.76%,26.20%,16.25%,29.51%,33.99%,2.02%,2.37%,2.80,680.01K,0.72,495.75,0.84%,489899
46,47,CL,Colgate-Palmolive Company,Consumer Defensive,Household & Personal Products,USA,70.66B,25.62,79.50,-4.81%,9315100,47,-4.54%,-2.27%,-1.49%,1.92%,3.42%,-7.03%,1.52%,1.35%,2.80,3.98M,2.34,79.50,-4.81%,9315100
47,48,EQIX,"Equinix, Inc. (REIT)",Real Estate,REIT - Specialty,USA,70.44B,215.27,820.41,4.33%,672731,48,-1.57%,2.22%,13.83%,10.87%,5.46%,14.87%,3.21%,2.15%,1.80,580.66K,1.16,820.41,4.33%,672731
48,49,SO,The Southern Company,Utilities,Utilities - Regulated Electric,USA,68.24B,21.64,63.87,-0.92%,5117802,49,0.02%,5.55%,-3.48%,8.40%,15.62%,3.97%,1.75%,1.51%,2.60,4.00M,1.28,63.87,-0.92%,5117802
49,50,ICE,"Intercontinental Exchange, Inc.",Financial,Financial Data & Stock Exchanges,USA,67.99B,32.07,119.83,-0.82%,2374891,50,-1.26%,0.95%,1.80%,8.59%,26.98%,3.94%,1.51%,1.17%,1.80,2.55M,0.93,119.83,-0.82%,2374891
50,51,NTES,"NetEase, Inc.",Communication Services,Internet Content & Information,China,67.70B,34.30,102.21,1.30%,2563735,51,-1.27%,-11.31%,-8.79%,-11.11%,13.26%,6.72%,6.71%,3.65%,1.70,2.49M,1.03,102.21,1.30%,2563735
51,52,TEAM,Atlassian Corporation Plc,Technology,Software - Application,Australia,66.71B,-,325.12,21.86%,6100126,52,19.84%,26.57%,36.86%,40.67%,73.25%,39.02%,4.65%,3.29%,2.00,1.29M,4.72,325.12,21.86%,6100126
52,53,ATVI,"Activision Blizzard, Inc.",Communication Services,Electronic Gaming & Multimedia,USA,64.94B,28.20,83.62,0.06%,6976831,53,-8.61%,-12.38%,-8.30%,-8.11%,2.35%,-9.94%,3.82%,2.25%,1.90,6.01M,1.16,83.62,0.06%,6976831
53,54,VMW,"VMware, Inc.",Technology,Software - Infrastructure,USA,64.80B,31.02,153.74,-0.60%,672342,54,-2.91%,-3.89%,-4.41%,11.53%,10.70%,9.61%,1.85%,2.00%,2.30,982.60K,0.68,153.74,-0.60%,672342
54,55,APD,"Air Products and Chemicals, Inc.",Basic Materials,Chemicals,USA,64.11B,34.47,291.03,0.47%,568287,55,0.25%,1.16%,0.88%,9.10%,2.18%,6.52%,1.31%,1.39%,2.30,851.99K,0.67,291.03,0.47%,568287
55,56,WM,"Waste Management, Inc.",Industrials,Waste Management,USA,61.57B,39.44,148.26,1.40%,1381902,56,1.28%,5.82%,7.46%,33.18%,35.55%,25.72%,1.37%,1.23%,2.50,1.29M,1.07,148.26,1.40%,1381902
56,57,D,"Dominion Energy, Inc.",Utilities,Utilities - Diversified,USA,60.90B,23.14,74.87,-0.85%,3272424,57,-0.60%,1.77%,-6.30%,2.72%,-8.16%,-0.44%,1.96%,1.75%,2.20,3.37M,0.97,74.87,-0.85%,3272424
57,58,IDXX,"IDEXX Laboratories, Inc.",Healthcare,Diagnostics & Research,USA,60.05B,87.33,678.53,-3.64%,693196,58,-2.19%,7.44%,23.60%,41.75%,81.38%,35.74%,2.33%,1.99%,1.90,361.01K,1.92,678.53,-3.64%,693196
58,59,AON,Aon plc,Financial,Insurance Brokers,Ireland,59.52B,28.43,260.03,-1.42%,3699540,59,11.85%,8.91%,3.42%,28.03%,25.36%,23.08%,3.13%,1.96%,2.40,2.15M,1.72,260.03,-1.42%,3699540
59,60,NOC,Northrop Grumman Corporation,Industrials,Aerospace & Defense,USA,58.86B,13.30,363.02,-0.72%,645245,60,0.47%,-0.11%,2.42%,26.66%,11.35%,19.13%,1.50%,1.45%,2.00,815.64K,0.79,363.02,-0.72%,645245
60,61,HMC,"Honda Motor Co., Ltd.",Consumer Cyclical,Auto Manufacturers,Japan,58.38B,9.23,32.10,-0.80%,531975,61,2.10%,-0.25%,7.65%,21.22%,26.83%,13.63%,0.97%,1.16%,1.00,789.20K,0.67,32.10,-0.80%,531975
61,62,RELX,RELX PLC,Communication Services,Publishing,United Kingdom,56.43B,30.67,29.63,0.82%,815430,62,3.86%,11.10%,13.61%,19.38%,36.10%,20.15%,0.68%,0.84%,1.00,603.94K,1.35,29.63,0.82%,815430
62,63,DG,Dollar General Corporation,Consumer Defensive,Discount Stores,USA,55.04B,21.41,232.64,-0.15%,1052020,63,1.63%,7.51%,8.33%,19.54%,21.60%,10.62%,1.16%,1.25%,1.90,1.76M,0.60,232.64,-0.15%,1052020
63,64,TRI,Thomson Reuters Corporation,Industrials,Consulting Services,Canada,52.35B,8.78,105.99,0.38%,268694,64,1.39%,6.72%,14.32%,29.97%,52.35%,29.43%,1.05%,1.18%,2.70,400.79K,0.67,105.99,0.38%,268694
64,65,VRTX,Vertex Pharmaceuticals Incorporated,Healthcare,Biotechnology,USA,51.87B,19.18,201.58,0.60%,2106845,65,0.54%,-0.02%,-7.62%,-12.00%,-27.85%,-14.71%,2.28%,1.85%,1.80,2.24M,0.94,201.58,0.60%,2106845
65,66,VEEV,Veeva Systems Inc.,Healthcare,Health Information Services,USA,50.86B,124.42,332.71,0.03%,372879,66,-0.11%,7.00%,17.79%,20.36%,27.02%,22.21%,2.03%,2.01%,2.00,656.64K,0.57,332.71,0.03%,372879
66,67,NEM,Newmont Corporation,Basic Materials,Gold,USA,50.12B,19.47,62.82,0.16%,5380160,67,4.51%,-0.88%,0.66%,5.40%,-4.33%,4.89%,1.93%,2.10%,2.00,6.68M,0.80,62.82,0.16%,5380160
67,68,MSCI,MSCI Inc.,Financial,Financial Data & Stock Exchanges,USA,49.04B,71.78,595.96,0.20%,277453,68,2.94%,11.80%,22.68%,50.76%,59.12%,33.46%,2.08%,1.73%,2.30,331.02K,0.84,595.96,0.20%,277453
68,69,TRP,TC Energy Corporation,Energy,Oil & Gas Midstream,Canada,48.23B,29.57,48.73,-1.14%,1602278,69,0.39%,-1.60%,-1.50%,13.51%,7.10%,19.67%,1.72%,1.55%,1.70,1.46M,1.10,48.73,-1.14%,1602278
69,70,LHX,"L3Harris Technologies, Inc.",Industrials,Aerospace & Defense,USA,46.85B,35.18,226.74,-0.79%,741267,70,-0.22%,4.90%,8.37%,32.20%,30.89%,19.96%,1.23%,1.43%,2.10,1.05M,0.71,226.74,-0.79%,741267
70,71,INFO,IHS Markit Ltd.,Industrials,Consulting Services,United Kingdom,45.97B,75.24,116.84,1.31%,4150208,71,1.21%,3.71%,8.61%,34.18%,45.81%,30.07%,2.44%,1.64%,2.00,2.50M,1.66,116.84,1.31%,4150208
71,72,KMB,Kimberly-Clark Corporation,Consumer Defensive,Household & Personal Products,USA,45.86B,23.14,135.72,-0.34%,2683320,72,0.04%,1.45%,1.80%,2.74%,-10.69%,0.66%,1.62%,1.67%,2.90,2.38M,1.13,135.72,-0.34%,2683320
72,73,BCE,BCE Inc.,Communication Services,Telecom Services,Canada,44.90B,25.09,49.91,0.63%,1520097,73,1.22%,1.20%,5.63%,17.71%,18.72%,16.61%,0.82%,0.87%,2.50,1.14M,1.33,49.91,0.63%,1520097
73,74,DXCM,"DexCom, Inc.",Healthcare,Diagnostics & Research,USA,44.10B,99.42,515.51,13.04%,2409775,74,11.89%,20.73%,33.52%,37.52%,19.51%,39.43%,4.01%,2.90%,1.60,803.85K,3.00,515.51,13.04%,2409775
74,75,WIT,Wipro Limited,Technology,Information Technology Services,India,43.28B,29.75,8.33,-0.83%,4268700,75,-2.57%,6.66%,16.34%,35.45%,95.08%,47.43%,1.46%,1.45%,4.50,1.80M,2.37,8.33,-0.83%,4268700
75,76,PHG,Koninklijke Philips N.V.,Healthcare,Diagnostics & Research,Netherlands,41.95B,37.43,46.04,0.61%,747019,76,-3.96%,-7.36%,-18.71%,-15.20%,-12.90%,-15.01%,0.94%,0.96%,1.00,903.76K,0.83,46.04,0.61%,747019
76,77,SRE,Sempra Energy,Utilities,Utilities - Diversified,USA,41.72B,18.50,130.65,-1.34%,1124711,77,-0.05%,-1.38%,-5.03%,5.57%,5.58%,2.54%,1.69%,1.72%,2.30,1.61M,0.70,130.65,-1.34%,1124711
77,78,EA,Electronic Arts Inc.,Communication Services,Electronic Gaming & Multimedia,USA,40.97B,50.27,143.96,0.40%,2727419,78,-0.71%,0.09%,1.32%,0.53%,3.87%,0.25%,2.08%,1.92%,2.10,2.15M,1.27,143.96,0.40%,2727419
78,79,PAYX,"Paychex, Inc.",Industrials,Staffing & Employment Services,USA,40.89B,37.56,113.82,0.17%,1275919,79,1.40%,6.08%,16.75%,30.35%,57.32%,22.15%,1.12%,1.44%,3.00,1.57M,0.81,113.82,0.17%,1275919
79,80,WBA,"Walgreens Boots Alliance, Inc.",Healthcare,Pharmaceutical Retailers,USA,40.69B,20.36,47.15,0.23%,9522650,80,1.33%,-10.38%,-11.21%,-6.17%,16.02%,18.23%,1.46%,2.15%,2.90,5.73M,1.66,47.15,0.23%,9522650
80,81,RMD,ResMed Inc.,Healthcare,Medical Instruments & Supplies,USA,39.25B,87.00,271.80,0.77%,350321,81,4.61%,10.25%,44.60%,34.84%,32.94%,27.87%,1.86%,1.47%,2.70,623.30K,0.56,271.80,0.77%,350321
81,82,BAX,Baxter International Inc.,Healthcare,Medical Instruments & Supplies,USA,38.91B,35.47,77.35,-0.04%,7464349,82,-4.67%,-3.91%,-9.73%,0.68%,-10.07%,-3.60%,3.16%,1.72%,2.20,2.71M,2.75,77.35,-0.04%,7464349
82,83,ERIC,Telefonaktiebolaget LM Ericsson (publ),Technology,Communication Equipment,Sweden,38.42B,16.59,11.53,0.35%,5051861,83,-1.03%,-8.35%,-16.39%,-7.54%,-0.09%,-3.51%,1.18%,1.24%,1.70,6.17M,0.82,11.53,0.35%,5051861
83,84,MSI,"Motorola Solutions, Inc.",Technology,Communication Equipment,USA,37.97B,38.99,223.92,0.06%,649367,84,1.00%,3.26%,18.92%,33.64%,60.87%,31.67%,0.89%,1.20%,1.80,657.25K,0.99,223.92,0.06%,649367
84,85,IFF,International Flavors & Fragrances Inc.,Basic Materials,Specialty Chemicals,USA,37.12B,82.54,150.64,1.01%,738038,85,1.56%,0.83%,5.96%,34.05%,21.01%,38.41%,1.17%,1.56%,2.10,1.25M,0.59,150.64,1.01%,738038
85,86,XEL,Xcel Energy Inc.,Utilities,Utilities - Regulated Electric,USA,37.02B,23.27,68.25,-0.78%,2495803,86,-0.03%,3.60%,-4.28%,6.66%,-1.09%,2.37%,1.96%,1.75%,2.90,2.49M,1.00,68.25,-0.78%,2495803
86,87,HSY,The Hershey Company,Consumer Defensive,Confectioners,USA,36.95B,26.64,178.88,0.20%,781755,87,-0.21%,2.70%,8.87%,22.99%,23.12%,17.43%,1.60%,1.33%,2.40,894.44K,0.87,178.88,0.20%,781755
87,88,RSG,"Republic Services, Inc.",Industrials,Waste Management,USA,36.88B,33.73,118.36,2.49%,2008178,88,1.88%,7.59%,11.35%,30.76%,35.95%,22.91%,1.35%,1.30%,2.20,1.13M,1.78,118.36,2.49%,2008178
88,89,GIS,"General Mills, Inc.",Consumer Defensive,Packaged Foods,USA,35.77B,15.58,58.86,-0.08%,3310222,89,-0.91%,-3.40%,-3.29%,1.31%,-7.28%,0.10%,1.13%,1.43%,2.90,3.52M,0.94,58.86,-0.08%,3310222
89,90,AZO,"AutoZone, Inc.",Consumer Cyclical,Specialty Retail,USA,35.04B,17.84,1623.57,-0.14%,123478,90,-0.52%,8.80%,10.89%,45.17%,34.21%,36.96%,1.58%,1.67%,2.20,184.67K,0.67,1623.57,-0.14%,123478
90,91,CSGP,"CoStar Group, Inc.",Real Estate,Real Estate Services,USA,34.56B,152.66,88.85,1.54%,1925813,91,-1.24%,7.28%,3.99%,-1.25%,6.70%,-3.87%,3.69%,2.47%,1.70,2.27M,0.85,88.85,1.54%,1925813
91,92,BF-B,Brown-Forman Corporation,Consumer Defensive,Beverages - Wineries & Distilleries,USA,33.39B,37.74,70.92,-0.76%,1460899,92,-1.53%,-5.36%,-7.03%,-1.05%,2.47%,-10.71%,1.67%,1.54%,3.30,839.72K,1.74,70.92,-0.76%,1460899
92,93,WCN,"Waste Connections, Inc.",Industrials,Waste Management,Canada,32.72B,150.64,126.69,1.38%,708386,93,1.55%,6.08%,6.36%,28.61%,24.35%,23.52%,0.98%,1.17%,1.70,719.31K,0.98,126.69,1.38%,708386
93,94,ODFL,"Old Dominion Freight Line, Inc.",Industrials,Trucking,USA,31.08B,36.69,269.15,0.43%,503248,94,3.09%,6.05%,4.40%,38.74%,49.35%,37.90%,2.94%,2.17%,2.40,653.33K,0.77,269.15,0.43%,503248
94,95,AWK,"American Water Works Company, Inc.",Utilities,Utilities - Regulated Water,USA,30.98B,43.21,170.11,-0.36%,629477,95,1.70%,10.37%,9.05%,6.97%,16.01%,10.84%,1.60%,1.77%,2.40,705.40K,0.89,170.11,-0.36%,629477
95,96,NDAQ,"Nasdaq, Inc.",Financial,Financial Data & Stock Exchanges,USA,30.63B,27.65,186.73,0.03%,589567,96,-0.55%,6.22%,15.59%,38.04%,43.75%,40.67%,1.43%,1.63%,2.30,774.26K,0.76,186.73,0.03%,589567
96,97,VRSK,"Verisk Analytics, Inc.",Industrials,Consulting Services,USA,30.44B,44.17,189.94,1.13%,786167,97,0.82%,8.71%,0.92%,3.51%,1.48%,-8.50%,1.52%,1.63%,2.20,838.85K,0.94,189.94,1.13%,786167
97,98,WEC,"WEC Energy Group, Inc.",Utilities,Utilities - Regulated Electric,USA,29.83B,23.68,94.14,-0.47%,1177089,98,0.12%,5.83%,-3.12%,5.89%,-1.10%,2.29%,1.94%,1.92%,3.10,1.19M,0.99,94.14,-0.47%,1177089
98,99,KEYS,"Keysight Technologies, Inc.",Technology,Scientific & Technical Instruments,USA,29.79B,41.18,164.55,1.76%,1036691,99,3.04%,6.57%,13.99%,16.22%,66.25%,24.57%,1.69%,1.48%,1.90,870.43K,1.19,164.55,1.76%,1036691
99,100,ES,Eversource Energy,Utilities,Utilities - Regulated Electric,USA,29.67B,23.77,86.27,-0.14%,2077043,100,0.06%,7.51%,0.06%,-1.41%,-4.76%,-0.28%,2.14%,2.02%,2.50,1.64M,1.27,86.27,-0.14%,2077043
100,101,PCAR,PACCAR Inc,Industrials,Farm & Heavy Construction Machinery,USA,28.91B,16.47,82.99,-0.36%,3742495,101,-5.24%,-7.01%,-7.67%,-9.02%,-1.12%,-3.81%,2.12%,1.91%,2.60,1.77M,2.11,82.99,-0.36%,3742495
101,102,AJG,Arthur J. Gallagher & Co.,Financial,Insurance Brokers,USA,28.58B,32.14,139.31,-0.14%,1434371,102,-2.61%,-0.55%,-3.89%,20.71%,33.22%,12.61%,1.87%,1.59%,2.20,1.23M,1.17,139.31,-0.14%,1434371
102,103,TU,TELUS Corporation,Communication Services,Telecom Services,Canada,28.24B,30.04,22.20,0.54%,953084,103,0.86%,-1.03%,6.99%,7.61%,28.03%,12.12%,1.06%,1.09%,2.30,978.19K,0.97,22.20,0.54%,953084
103,104,SGEN,Seagen Inc.,Healthcare,Biotechnology,USA,26.67B,42.58,153.39,4.38%,1447129,104,5.35%,-2.84%,6.70%,-6.62%,-10.37%,-12.42%,3.40%,2.82%,2.20,801.25K,1.81,153.39,4.38%,1447129
104,105,BLL,Ball Corporation,Consumer Cyclical,Packaging & Containers,USA,26.59B,36.58,80.88,-0.16%,1185128,105,1.10%,-0.17%,-13.63%,-8.11%,10.12%,-13.20%,1.55%,1.97%,2.40,2.04M,0.58,80.88,-0.16%,1185128
105,106,GNRC,Generac Holdings Inc.,Industrials,Specialty Industrial Machinery,USA,26.40B,52.08,419.36,0.01%,793548,106,-6.73%,1.01%,29.45%,70.18%,183.66%,84.41%,6.00%,3.69%,1.50,788.15K,1.01,419.36,0.01%,793548
106,107,ED,"Consolidated Edison, Inc.",Utilities,Utilities - Regulated Electric,USA,26.31B,21.79,73.77,-1.01%,4346281,107,-0.55%,2.86%,-4.70%,4.22%,-4.12%,2.08%,2.00%,1.79%,3.50,2.00M,2.17,73.77,-1.01%,4346281
107,108,WLTW,Willis Towers Watson Public Limited Company,Financial,Insurance Brokers,United Kingdom,26.25B,18.04,206.08,1.24%,2456799,108,-8.98%,-10.41%,-20.39%,1.55%,-2.56%,-2.18%,3.82%,2.36%,2.30,1.33M,1.85,206.08,1.24%,2456799
108,109,YUMC,"Yum China Holdings, Inc.",Consumer Cyclical,Restaurants,China,26.25B,26.01,62.19,-0.34%,2281284,109,-6.00%,-6.13%,-1.16%,9.66%,22.54%,8.93%,2.59%,1.69%,1.90,2.00M,1.14,62.19,-0.34%,2281284
109,110,TSN,"Tyson Foods, Inc.",Consumer Defensive,Farm Products,USA,26.24B,12.45,71.46,-0.64%,1547342,110,0.20%,-3.12%,-7.73%,11.12%,16.06%,10.89%,1.32%,1.44%,2.10,1.78M,0.87,71.46,-0.64%,1547342
110,111,RCI,Rogers Communications Inc.,Communication Services,Telecom Services,Canada,25.82B,19.79,51.03,0.12%,356841,111,-0.53%,-3.97%,3.66%,13.20%,23.98%,9.53%,1.04%,1.34%,2.10,305.82K,1.17,51.03,0.12%,356841
111,112,HRL,Hormel Foods Corporation,Consumer Defensive,Packaged Foods,USA,25.43B,28.61,46.38,-1.15%,1638294,112,-2.03%,-2.87%,0.39%,-1.02%,-8.61%,-0.49%,1.48%,1.50%,3.20,1.97M,0.83,46.38,-1.15%,1638294
112,113,VMC,Vulcan Materials Company,Basic Materials,Building Materials,USA,24.23B,34.78,179.99,-1.43%,799904,113,1.04%,3.40%,0.98%,20.69%,50.39%,21.36%,2.95%,2.07%,2.20,827.45K,0.97,179.99,-1.43%,799904
113,114,VRSN,"VeriSign, Inc.",Technology,Software - Infrastructure,USA,24.17B,39.28,216.37,0.15%,340538,114,-2.77%,-4.97%,-1.10%,11.49%,3.78%,-0.01%,1.93%,1.64%,2.00,527.38K,0.65,216.37,0.15%,340538
114,115,WAT,Waters Corporation,Healthcare,Diagnostics & Research,USA,24.13B,39.51,389.81,-0.31%,420378,115,1.33%,12.79%,29.99%,47.28%,83.22%,57.55%,1.81%,1.72%,3.10,416.36K,1.01,389.81,-0.31%,420378
115,116,ZTO,ZTO Express (Cayman) Inc.,Industrials,Integrated Freight & Logistics,China,23.72B,31.39,27.06,-2.10%,4920376,116,-3.39%,-10.84%,-15.86%,-17.50%,-25.35%,-6.41%,4.49%,2.91%,2.00,3.36M,1.46,27.06,-2.10%,4920376
116,117,CERN,Cerner Corporation,Healthcare,Health Information Services,USA,23.66B,30.77,80.39,2.37%,3236646,117,2.53%,2.85%,7.12%,0.35%,12.81%,2.43%,1.67%,1.47%,2.30,2.90M,1.12,80.39,2.37%,3236646
117,118,DLTR,"Dollar Tree, Inc.",Consumer Defensive,Discount Stores,USA,22.99B,16.06,99.79,0.70%,1311256,118,-0.36%,0.29%,-13.15%,-1.84%,6.22%,-7.64%,1.33%,1.25%,2.40,2.33M,0.56,99.79,0.70%,1311256
118,119,MLM,"Martin Marietta Materials, Inc.",Basic Materials,Building Materials,USA,22.91B,29.54,363.30,-1.11%,403081,119,1.98%,3.27%,2.88%,26.40%,73.66%,27.94%,3.64%,2.39%,2.30,378.17K,1.07,363.30,-1.11%,403081
119,120,DTE,DTE Energy Company,Utilities,Utilities - Regulated Electric,USA,22.89B,17.17,117.32,-0.69%,634088,120,0.83%,6.39%,-1.52%,16.14%,20.21%,13.57%,1.97%,1.73%,2.40,1.24M,0.51,117.32,-0.69%,634088
120,121,CLX,The Clorox Company,Consumer Defensive,Household & Personal Products,USA,22.74B,25.25,180.89,-1.07%,1281567,121,-2.10%,0.54%,-0.88%,-13.64%,-21.78%,-10.42%,1.90%,2.26%,2.90,1.37M,0.94,180.89,-1.07%,1281567
121,122,BIP,Brookfield Infrastructure Partners L.P.,Utilities,Utilities - Diversified,Bermuda,22.55B,93.56,54.08,0.07%,224073,122,-1.46%,-2.65%,0.58%,3.66%,28.76%,9.47%,1.17%,1.34%,1.90,239.14K,0.94,54.08,0.07%,224073
122,123,MKC,"McCormick & Company, Incorporated",Consumer Defensive,Packaged Foods,USA,22.52B,30.18,84.17,-0.09%,1397691,123,-1.81%,-4.70%,-6.85%,-6.00%,-13.16%,-11.96%,1.35%,1.53%,3.10,1.25M,1.11,84.17,-0.09%,1397691
123,124,EIX,Edison International,Utilities,Utilities - Regulated Electric,USA,21.71B,25.35,54.50,-4.75%,4605751,124,-3.08%,-5.74%,-8.33%,-6.29%,-0.67%,-13.24%,3.32%,2.04%,1.90,2.02M,2.28,54.50,-4.75%,4605751
124,125,AEE,Ameren Corporation,Utilities,Utilities - Regulated Electric,USA,21.54B,21.95,83.92,-0.42%,935521,125,0.64%,4.85%,-1.08%,15.40%,5.49%,7.51%,1.64%,1.67%,2.10,1.32M,0.71,83.92,-0.42%,935521
125,126,K,Kellogg Company,Consumer Defensive,Packaged Foods,USA,21.47B,16.76,63.36,0.48%,4464129,126,-0.11%,-1.51%,1.51%,7.50%,-10.24%,1.82%,1.21%,1.38%,2.70,2.32M,1.92,63.36,0.48%,4464129
126,127,CHD,"Church & Dwight Co., Inc.",Consumer Defensive,Household & Personal Products,USA,21.31B,28.06,86.58,-0.38%,2328586,127,0.12%,1.60%,0.98%,2.55%,-3.86%,-0.75%,1.86%,1.75%,2.70,1.37M,1.70,86.58,-0.38%,2328586
127,128,ETR,Entergy Corporation,Utilities,Utilities - Diversified,USA,20.95B,12.91,102.92,-1.40%,1157831,128,0.18%,3.23%,-5.83%,7.96%,-1.64%,3.08%,1.97%,1.79%,2.00,947.79K,1.22,102.92,-1.40%,1157831
128,129,WPM,Wheaton Precious Metals Corp.,Basic Materials,Gold,Canada,20.77B,36.20,46.15,0.09%,1201551,129,5.53%,4.72%,11.69%,12.37%,-12.59%,10.57%,1.84%,2.36%,1.90,1.97M,0.61,46.15,0.09%,1201551
129,130,COO,"The Cooper Companies, Inc.",Healthcare,Medical Instruments & Supplies,USA,20.53B,8.90,421.77,1.17%,177331,130,2.85%,6.44%,2.65%,15.86%,49.19%,16.09%,1.39%,1.43%,2.30,265.16K,0.67,421.77,1.17%,177331
130,131,MPWR,"Monolithic Power Systems, Inc.",Technology,Semiconductors,USA,20.14B,107.17,449.26,2.09%,461071,131,8.45%,20.30%,24.32%,26.45%,66.55%,22.67%,3.91%,2.96%,1.80,379.22K,1.22,449.26,2.09%,461071
131,132,BR,"Broadridge Financial Solutions, Inc.",Technology,Information Technology Services,USA,20.03B,39.38,173.49,0.59%,401824,132,0.58%,7.40%,9.37%,22.77%,29.58%,13.24%,1.01%,1.23%,2.50,480.17K,0.84,173.49,0.59%,401824
132,133,TYL,"Tyler Technologies, Inc.",Technology,Software - Application,USA,20.02B,132.11,492.64,0.26%,133116,133,-1.05%,8.90%,15.95%,16.52%,40.74%,12.86%,1.92%,1.82%,2.10,231.73K,0.57,492.64,0.26%,133116
133,134,TTWO,"Take-Two Interactive Software, Inc.",Communication Services,Electronic Gaming & Multimedia,USA,19.81B,34.12,173.42,2.02%,1926428,134,0.08%,-2.03%,-1.12%,-13.48%,8.69%,-16.54%,3.09%,2.27%,2.00,1.28M,1.50,173.42,2.02%,1926428
134,135,SKM,"SK Telecom Co.,Ltd",Communication Services,Telecom Services,South Korea,19.58B,12.42,29.07,-3.68%,287512,135,-1.46%,-7.45%,-3.23%,20.32%,43.84%,18.75%,0.99%,1.18%,-,390.05K,0.74,29.07,-3.68%,287512
135,136,AKAM,"Akamai Technologies, Inc.",Technology,Software - Infrastructure,USA,19.46B,33.70,119.92,0.45%,847318,136,0.32%,2.85%,10.32%,8.01%,8.52%,14.22%,1.50%,1.60%,2.00,1.19M,0.71,119.92,0.45%,847318
136,137,DPZ,"Domino's Pizza, Inc.",Consumer Cyclical,Restaurants,USA,19.39B,42.34,525.49,-0.13%,347268,137,0.01%,12.65%,24.42%,41.73%,36.66%,37.04%,1.97%,2.39%,2.20,639.21K,0.54,525.49,-0.13%,347268
137,138,POOL,Pool Corporation,Consumer Cyclical,Leisure,USA,19.17B,36.33,477.82,0.00%,268890,138,3.34%,4.18%,13.09%,34.91%,51.72%,28.27%,2.38%,2.10%,2.30,259.66K,1.04,477.82,0.00%,268890
138,139,ROL,"Rollins, Inc.",Consumer Cyclical,Personal Services,USA,18.62B,56.53,38.33,1.32%,1114536,139,1.13%,12.08%,2.82%,6.41%,11.59%,-1.89%,2.52%,1.76%,2.30,1.28M,0.87,38.33,1.32%,1114536
139,140,STE,STERIS plc,Healthcare,Medical Instruments & Supplies,Ireland,18.51B,47.11,217.95,0.54%,349720,140,2.58%,5.65%,3.28%,16.48%,35.26%,14.99%,1.46%,1.45%,1.60,656.16K,0.53,217.95,0.54%,349720
140,141,CMS,CMS Energy Corporation,Utilities,Utilities - Regulated Electric,USA,18.05B,21.55,61.79,-0.90%,1664379,141,-0.47%,4.59%,-4.04%,8.63%,-3.35%,1.28%,2.01%,1.72%,2.40,2.50M,0.66,61.79,-0.90%,1664379
141,142,J,Jacobs Engineering Group Inc.,Industrials,Engineering & Construction,USA,17.78B,32.09,135.25,-0.93%,402909,142,1.01%,1.37%,1.23%,33.96%,58.41%,24.13%,1.82%,1.79%,1.70,568.19K,0.71,135.25,-0.93%,402909
142,143,NICE,NICE Ltd.,Technology,Software - Application,Israel,17.57B,91.18,278.65,-1.11%,249703,143,-3.00%,12.60%,15.51%,6.65%,35.88%,-1.72%,2.14%,2.10%,1.60,285.12K,0.88,278.65,-1.11%,249703
143,144,CHKP,Check Point Software Technologies Ltd.,Technology,Software - Application,Israel,16.69B,20.78,127.10,1.13%,1018675,144,0.95%,9.45%,8.81%,-0.50%,2.88%,-4.37%,2.94%,2.14%,2.80,1.01M,1.01,127.10,1.13%,1018675
144,145,AGR,"Avangrid, Inc.",Utilities,Utilities - Regulated Electric,USA,16.26B,23.94,52.14,-0.78%,387932,145,0.66%,1.38%,2.44%,12.69%,4.30%,14.72%,1.72%,1.74%,3.20,506.79K,0.77,52.14,-0.78%,387932
145,146,AES,The AES Corporation,Utilities,Utilities - Diversified,USA,16.17B,-,23.70,-2.35%,5126971,146,-0.84%,-9.09%,-14.81%,-2.83%,53.70%,0.85%,1.91%,2.17%,1.90,5.32M,0.96,23.70,-2.35%,5126971
146,147,CAG,"Conagra Brands, Inc.",Consumer Defensive,Packaged Foods,USA,16.16B,12.59,33.49,-0.45%,6128162,147,-2.22%,-7.94%,-9.71%,-3.21%,-10.38%,-7.64%,1.35%,1.68%,2.40,3.36M,1.82,33.49,-0.45%,6128162
147,148,AEM,Agnico Eagle Mines Limited,Basic Materials,Gold,Canada,15.74B,20.97,64.68,-0.14%,919108,148,7.89%,7.00%,3.59%,-7.40%,-14.14%,-8.27%,2.70%,2.50%,2.10,1.30M,0.71,64.68,-0.14%,919108
148,149,OMC,Omnicom Group Inc.,Communication Services,Advertising Agencies,USA,15.70B,11.70,72.82,-0.56%,1915097,149,0.72%,-8.96%,-11.48%,16.74%,36.73%,16.75%,1.88%,2.25%,2.60,1.68M,1.14,72.82,-0.56%,1915097
149,150,BRO,"Brown & Brown, Inc.",Financial,Insurance Brokers,USA,15.44B,27.09,54.40,-0.80%,1756529,150,0.09%,2.37%,2.29%,26.25%,21.54%,14.74%,2.53%,1.68%,2.70,979.67K,1.79,54.40,-0.80%,1756529
150,151,LDOS,"Leidos Holdings, Inc.",Technology,Information Technology Services,USA,15.13B,21.34,106.42,-0.51%,572861,151,0.00%,5.26%,5.08%,0.34%,15.22%,1.24%,1.41%,1.64%,1.60,619.94K,0.92,106.42,-0.51%,572861
151,152,MASI,Masimo Corporation,Healthcare,Medical Instruments & Supplies,USA,15.02B,70.51,272.39,-0.15%,190833,152,-0.78%,12.35%,17.07%,6.44%,23.76%,1.49%,3.81%,2.59%,2.00,345.55K,0.55,272.39,-0.15%,190833
152,153,EVRG,"Evergy, Inc.",Utilities,Utilities - Regulated Electric,USA,14.98B,20.04,65.22,-0.21%,2445283,153,0.22%,7.93%,1.95%,21.38%,1.16%,17.49%,1.64%,1.74%,1.70,1.22M,2.00,65.22,-0.21%,2445283
153,154,CNP,"CenterPoint Energy, Inc.",Utilities,Utilities - Regulated Gas,USA,14.98B,22.96,25.46,-1.36%,6633191,154,1.11%,3.83%,3.96%,20.72%,33.09%,17.65%,1.64%,1.82%,2.10,5.56M,1.19,25.46,-1.36%,6633191
154,155,MOH,"Molina Healthcare, Inc.",Healthcare,Healthcare Plans,USA,14.90B,25.45,273.01,6.97%,478013,155,4.52%,7.88%,7.02%,27.81%,45.98%,28.37%,4.12%,2.49%,2.40,299.67K,1.60,273.01,6.97%,478013
155,156,LNT,Alliant Energy Corporation,Utilities,Utilities - Regulated Electric,USA,14.73B,23.79,58.53,-0.63%,928870,156,-0.14%,4.97%,4.20%,20.31%,8.85%,13.58%,1.66%,1.69%,1.90,1.34M,0.69,58.53,-0.63%,928870
156,157,BMRN,BioMarin Pharmaceutical Inc.,Healthcare,Biotechnology,USA,14.35B,-,76.73,-2.27%,903642,157,-0.40%,-8.04%,-1.53%,-7.31%,-36.96%,-12.50%,2.56%,2.20%,2.00,939.36K,0.96,76.73,-2.27%,903642
157,158,NLOK,NortonLifeLock Inc.,Technology,Software - Infrastructure,USA,14.31B,20.24,24.82,0.81%,4571426,158,-3.72%,-8.82%,14.85%,17.80%,17.46%,19.44%,2.23%,2.44%,1.80,5.78M,0.79,24.82,0.81%,4571426
158,159,SJM,The J. M. Smucker Company,Consumer Defensive,Packaged Foods,USA,14.24B,16.87,131.11,-0.21%,1237322,159,0.47%,1.19%,0.09%,12.63%,19.90%,13.42%,1.35%,1.57%,3.20,827.46K,1.50,131.11,-0.21%,1237322
159,160,OTEX,Open Text Corporation,Technology,Software - Application,Canada,14.18B,91.23,51.91,0.02%,349073,160,1.09%,2.19%,10.21%,15.90%,15.66%,14.19%,1.12%,1.34%,2.00,466.19K,0.75,51.91,0.02%,349073
160,161,KEP,Korea Electric Power Corporation,Utilities,Utilities - Regulated Electric,South Korea,13.98B,7.69,10.77,-1.46%,250614,161,-0.74%,-0.28%,1.80%,4.77%,36.16%,-12.22%,1.13%,1.16%,4.00,179.13K,1.40,10.77,-1.46%,250614
161,162,HAS,"Hasbro, Inc.",Consumer Cyclical,Leisure,USA,13.84B,32.67,99.44,-1.04%,1543497,162,7.61%,5.21%,-0.01%,5.99%,35.66%,6.31%,3.61%,2.20%,1.90,728.54K,2.12,99.44,-1.04%,1543497
162,163,FMC,FMC Corporation,Basic Materials,Agricultural Inputs,USA,13.78B,25.08,106.95,0.03%,763289,163,0.56%,-1.16%,-9.55%,-1.24%,1.54%,-6.94%,1.53%,1.78%,2.00,775.74K,0.98,106.95,0.03%,763289
163,164,SEDG,"SolarEdge Technologies, Inc.",Technology,Solar,Israel,13.57B,108.16,259.48,-0.63%,546301,164,4.36%,-6.11%,-1.54%,-10.01%,48.05%,-18.69%,4.67%,4.69%,2.40,869.46K,0.63,259.48,-0.63%,546301
164,165,SQM,Sociedad Quimica y Minera de Chile S.A.,Basic Materials,Chemicals,Chile,13.53B,66.71,47.50,-3.02%,1199050,165,0.30%,0.36%,-9.94%,-6.75%,58.05%,-3.24%,3.66%,4.08%,2.50,1.29M,0.93,47.50,-3.02%,1199050
165,166,PKG,Packaging Corporation of America,Consumer Cyclical,Packaging & Containers,USA,13.32B,21.18,141.50,0.91%,815830,166,5.89%,4.49%,-4.17%,5.24%,43.98%,2.60%,2.71%,1.99%,2.80,563.55K,1.45,141.50,0.91%,815830
166,167,CPB,Campbell Soup Company,Consumer Defensive,Packaged Foods,USA,13.32B,16.52,43.72,-0.50%,3365783,167,-1.91%,-4.10%,-8.44%,-9.12%,-11.34%,-9.58%,1.36%,1.53%,3.10,2.52M,1.34,43.72,-0.50%,3365783
167,168,RGEN,Repligen Corporation,Healthcare,Medical Instruments & Supplies,USA,13.25B,137.88,245.70,1.95%,447879,168,17.04%,23.08%,16.05%,22.85%,62.45%,28.22%,5.28%,3.34%,1.70,428.05K,1.05,245.70,1.95%,447879
168,169,FDS,FactSet Research Systems Inc.,Financial,Financial Data & Stock Exchanges,USA,13.19B,35.65,357.28,2.31%,279211,169,3.49%,6.46%,6.26%,18.17%,3.34%,7.45%,1.62%,1.46%,3.60,165.11K,1.69,357.28,2.31%,279211
169,170,ATO,Atmos Energy Corporation,Utilities,Utilities - Regulated Gas,USA,13.09B,17.95,98.59,-1.60%,1208538,170,-0.86%,2.58%,-4.83%,10.78%,-6.48%,3.31%,1.81%,1.73%,2.40,738.73K,1.64,98.59,-1.60%,1208538
170,171,NDSN,Nordson Corporation,Industrials,Specialty Industrial Machinery,USA,13.08B,43.15,226.13,0.48%,213631,171,0.51%,3.02%,6.96%,26.34%,16.62%,12.53%,1.44%,1.57%,2.20,219.64K,0.97,226.13,0.48%,213631
171,172,GGG,Graco Inc.,Industrials,Specialty Industrial Machinery,USA,12.97B,30.43,78.08,2.23%,1121110,172,1.88%,3.14%,1.67%,13.26%,47.10%,7.92%,1.51%,1.59%,2.50,578.58K,1.94,78.08,2.23%,1121110
172,173,JKHY,"Jack Henry & Associates, Inc.",Technology,Information Technology Services,USA,12.85B,44.89,174.09,0.46%,211075,173,-1.24%,6.47%,6.92%,20.24%,-2.47%,7.47%,1.50%,1.32%,2.60,472.05K,0.45,174.09,0.46%,211075
173,174,BKI,"Black Knight, Inc.",Technology,Software - Infrastructure,USA,12.85B,47.98,82.81,0.89%,532630,174,3.51%,6.19%,14.35%,1.37%,10.80%,-6.27%,1.35%,1.62%,1.90,1.01M,0.53,82.81,0.89%,532630
174,175,CHGG,"Chegg, Inc.",Consumer Defensive,Education & Training Services,USA,12.76B,-,88.63,-1.41%,979654,175,0.65%,6.64%,-1.88%,-6.96%,12.96%,-1.88%,3.36%,3.03%,2.00,1.41M,0.70,88.63,-1.41%,979654
175,176,IRM,Iron Mountain Incorporated,Real Estate,REIT - Specialty,USA,12.54B,39.04,43.76,0.74%,2607472,176,0.78%,3.40%,9.07%,29.97%,54.90%,48.44%,1.70%,1.91%,2.60,2.23M,1.17,43.76,0.74%,2607472
176,177,LII,Lennox International Inc.,Industrials,Specialty Industrial Machinery,USA,12.41B,25.28,329.43,-1.35%,379762,177,2.75%,-6.09%,-1.76%,19.58%,21.62%,20.24%,3.41%,2.84%,3.20,244.83K,1.55,329.43,-1.35%,379762
177,178,ATHM,Autohome Inc.,Communication Services,Internet Content & Information,China,12.33B,10.19,45.30,-5.66%,1611381,178,-12.78%,-29.17%,-51.15%,-58.90%,-47.09%,-54.53%,6.27%,4.57%,2.30,818.05K,1.97,45.30,-5.66%,1611381
178,179,CTXS,"Citrix Systems, Inc.",Technology,Software - Application,USA,12.29B,30.65,100.75,1.77%,2706919,179,-12.34%,-14.09%,-18.65%,-24.42%,-28.89%,-22.56%,2.84%,2.11%,2.40,1.21M,2.23,100.75,1.77%,2706919
179,180,WTRG,"Essential Utilities, Inc.",Utilities,Utilities - Regulated Water,USA,12.20B,31.17,49.12,-1.07%,643320,180,0.97%,7.48%,4.22%,6.09%,7.84%,3.87%,1.61%,1.81%,2.10,725.21K,0.89,49.12,-1.07%,643320
180,181,BAH,Booz Allen Hamilton Holding Corporation,Industrials,Consulting Services,USA,12.17B,19.65,85.81,-4.35%,1310693,181,-4.33%,0.74%,3.45%,0.75%,10.39%,-1.57%,1.57%,1.37%,2.40,743.99K,1.76,85.81,-4.35%,1310693
181,182,GDS,GDS Holdings Limited,Technology,Software - Infrastructure,China,12.01B,-,58.96,0.07%,1777722,182,-8.83%,-24.88%,-28.94%,-43.07%,-26.30%,-37.04%,8.56%,6.03%,1.80,1.98M,0.90,58.96,0.07%,1777722
182,183,TTC,The Toro Company,Industrials,Tools & Accessories,USA,12.00B,29.88,113.74,1.45%,239052,183,1.21%,3.51%,-0.75%,20.68%,60.11%,19.93%,1.57%,1.57%,2.70,433.35K,0.55,113.74,1.45%,239052
183,184,VIPS,Vipshop Holdings Limited,Consumer Cyclical,Internet Retail,China,11.50B,11.04,16.63,-0.54%,5962383,184,-2.52%,-17.18%,-45.95%,-39.35%,-23.68%,-40.84%,6.83%,5.25%,2.00,12.04M,0.50,16.63,-0.54%,5962383
184,185,CABO,"Cable One, Inc.",Communication Services,Telecom Services,USA,11.38B,37.58,1887.99,0.01%,45415,185,-2.63%,-1.30%,5.47%,-5.60%,6.35%,-15.25%,2.01%,1.88%,2.60,42.93K,1.06,1887.99,0.01%,45415
185,186,HSIC,"Henry Schein, Inc.",Healthcare,Medical Distribution,USA,11.29B,26.23,80.15,-0.09%,631903,186,3.61%,8.03%,10.55%,21.72%,16.75%,19.88%,1.52%,1.67%,2.50,890.10K,0.71,80.15,-0.09%,631903
186,187,DECK,Deckers Outdoor Corporation,Consumer Cyclical,Footwear & Accessories,USA,11.25B,30.51,410.85,1.02%,381529,187,1.21%,6.97%,21.48%,40.71%,91.85%,43.26%,3.46%,2.82%,1.50,386.76K,0.99,410.85,1.02%,381529
187,188,RPM,RPM International Inc.,Basic Materials,Specialty Chemicals,USA,11.14B,22.43,86.59,0.83%,1125180,188,-1.79%,-2.36%,-8.70%,5.00%,6.15%,-4.62%,2.15%,1.71%,2.60,486.46K,2.31,86.59,0.83%,1125180
188,189,WSO,"Watsco, Inc.",Industrials,Industrial Distribution,USA,10.88B,31.10,282.44,1.11%,221506,189,-4.30%,-1.47%,-3.56%,18.43%,20.47%,24.67%,1.99%,2.06%,2.80,157.53K,1.41,282.44,1.11%,221506
189,190,NRG,"NRG Energy, Inc.",Utilities,Utilities - Independent Power Producers,USA,10.21B,33.28,41.24,-1.17%,1786925,190,0.59%,2.33%,15.13%,-0.41%,21.83%,9.83%,2.25%,2.25%,2.20,3.05M,0.59,41.24,-1.17%,1786925
190,191,DOX,Amdocs Limited,Technology,Software - Infrastructure,USA,10.11B,15.07,77.11,0.00%,466638,191,-1.00%,-0.32%,0.48%,9.19%,26.68%,8.71%,1.49%,1.50%,1.90,604.22K,0.77,77.11,0.00%,466638
